Time,Symbol,Price,Quantity,Type,Status,Value,Tag 
2022-03-01T06:13:00Z,BTCUSDT,43093.55,-0.02273864,Market,Filled,-979.8887198, 
2022-03-01T06:13:00Z,BTCUSDT,0,0.02273864,Limit,Canceled,0,Canceled by CancelOpenOrders() at 2022-03-01T06:24:00.0000000Z 
2022-03-01T06:13:00Z,BTCUSDT,43354.08,0.02273864,Stop Limit,Filled,985.8128177,Stop Market 
2022-03-01T09:26:00Z,BTCUSDT,43394.65,-0.02242735,Market,Filled,-973.2270037, 
2022-03-01T09:26:00Z,BTCUSDT,0,0.02242735,Limit,Canceled,0,Canceled by CancelOpenOrders() at 2022-03-01T11:02:00.0000000Z 
2022-03-01T09:26:00Z,BTCUSDT,43698.41,0.02242735,Stop Limit,Filled,980.0395355,Stop Market 
2022-03-01T14:43:00Z,BTCUSDT,44072.3,-0.02191228,Market,Filled,-965.7245778, 
2022-03-01T14:43:00Z,BTCUSDT,43279,0.02191228,Limit,Filled,948.3415661,Top Profit Limit 
2022-03-01T14:43:00Z,BTCUSDT,0,0.02191228,Stop Limit,Canceled,0,Canceled by CancelOpenOrders() at 2022-03-01T16:51:00.0000000Z 
2022-03-01T18:39:00Z,BTCUSDT,43767.12,0.02245176,Market,Filled,982.6488741, 
2022-03-01T18:39:00Z,BTCUSDT,44554.93,-0.02244277,Limit,Filled,-999.9360464,Top Profit Limit 
2022-03-01T18:39:00Z,BTCUSDT,0,-0.02244277,Stop Limit,Canceled,0,Canceled by CancelOpenOrders() at 2022-03-02T00:05:00.0000000Z 
2022-03-02T01:23:00Z,BTCUSDT,43918.75,-0.02274543,Market,Filled,-998.9508538, 
2022-03-02T01:23:00Z,BTCUSDT,0,0.02274543,Limit,Canceled,0,Canceled by CancelOpenOrders() at 2022-03-02T02:47:00.0000000Z 
2022-03-02T01:23:00Z,BTCUSDT,44198.61,0.02274543,Stop Limit,Filled,1005.31639,Stop Market 
2022-03-02T03:01:00Z,BTCUSDT,44239.33,0.02243087,Market,Filled,992.3266601, 
2022-03-02T03:01:00Z,BTCUSDT,0,-0.02242189,Limit,Canceled,0,Canceled by CancelOpenOrders() at 2022-03-02T06:50:00.0000000Z 
2022-03-02T03:01:00Z,BTCUSDT,43971.59,-0.02242189,Stop Limit,Filled,-985.9261541,Stop Market 
2022-03-02T08:25:00Z,BTCUSDT,44152.78,0.02232478,Market,Filled,985.7010999, 
2022-03-02T08:25:00Z,BTCUSDT,0,-0.02231585,Limit,Canceled,0,Canceled by CancelOpenOrders() at 2022-03-02T08:52:00.0000000Z 
2022-03-02T08:25:00Z,BTCUSDT,43876.57,-0.02231585,Stop Limit,Filled,-979.1429546,Stop Market 
2022-03-02T08:59:00Z,BTCUSDT,43828.45,-0.02232485,Market,Filled,-978.463572, 
2022-03-02T08:59:00Z,BTCUSDT,0,0.02232485,Limit,Canceled,0,Canceled by CancelOpenOrders() at 2022-03-02T09:31:00.0000000Z 
2022-03-02T08:59:00Z,BTCUSDT,44135.25,0.02232485,Stop Limit,Filled,985.312836,Stop Market 
2022-03-02T10:11:00Z,BTCUSDT,44085.25,0.02203341,Market,Filled,971.3483882, 
2022-03-02T10:11:00Z,BTCUSDT,0,-0.02202459,Limit,Canceled,0,Canceled by CancelOpenOrders() at 2022-03-02T12:31:00.0000000Z 
2022-03-02T10:11:00Z,BTCUSDT,43815.67,-0.02202459,Stop Limit,Filled,-965.0221673,Stop Market 
2022-03-02T14:43:00Z,BTCUSDT,44451.87,0.02170702,Market,Filled,964.9176311, 
2022-03-02T14:43:00Z,BTCUSDT,45252,-0.02169833,Limit,Filled,-981.8928292,Top Profit Limit 
2022-03-02T14:43:00Z,BTCUSDT,0,-0.02169833,Stop Limit,Canceled,0,Canceled by CancelOpenOrders() at 2022-03-02T15:01:00.0000000Z 
2022-03-02T17:31:00Z,BTCUSDT,44051.73,-0.02226589,Market,Filled,-980.8509745, 
2022-03-02T17:31:00Z,BTCUSDT,0,0.02226589,Limit,Canceled,0,Canceled by CancelOpenOrders() at 2022-03-02T22:06:00.0000000Z 
2022-03-02T17:31:00Z,BTCUSDT,44360.09,0.02226589,Stop Limit,Filled,987.7168843,Stop Market 
2022-03-02T23:51:00Z,BTCUSDT,43853.06,-0.02219558,Market,Filled,-973.3441015, 
2022-03-02T23:51:00Z,BTCUSDT,43063.7,0.02219558,Limit,Filled,955.8237984,Top Profit Limit 
2022-03-02T23:51:00Z,BTCUSDT,0,0.02219558,Stop Limit,Canceled,0,Canceled by CancelOpenOrders() at 2022-03-03T06:14:00.0000000Z 
2022-03-03T07:02:00Z,BTCUSDT,43466.69,0.02278486,Market,Filled,990.3824463, 
2022-03-03T07:02:00Z,BTCUSDT,0,-0.02277574,Limit,Canceled,0,Canceled by CancelOpenOrders() at 2022-03-03T09:31:00.0000000Z 
2022-03-03T07:02:00Z,BTCUSDT,43162.42,-0.02277574,Stop Limit,Filled,-983.0560557,Stop Market 
2022-03-03T11:00:00Z,BTCUSDT,43402.33,0.02264735,Market,Filled,982.9477583, 
2022-03-03T11:00:00Z,BTCUSDT,0,-0.02263829,Limit,Canceled,0,Canceled by CancelOpenOrders() at 2022-03-03T15:21:00.0000000Z 
2022-03-03T11:00:00Z,BTCUSDT,43098.51,-0.02263829,Stop Limit,Filled,-975.6765679,Stop Market 
2022-03-03T22:06:00Z,BTCUSDT,42478.76,0.02296355,Market,Filled,975.4631292, 
2022-03-03T22:06:00Z,BTCUSDT,0,-0.02295436,Limit,Canceled,0,Canceled by CancelOpenOrders() at 2022-03-04T00:16:00.0000000Z 
2022-03-03T22:06:00Z,BTCUSDT,42220.63,-0.02295436,Stop Limit,Filled,-969.1475404,Stop Market 
2022-03-04T00:17:00Z,BTCUSDT,42179.57,-0.02295906,Market,Filled,-968.4032784, 
2022-03-04T00:17:00Z,BTCUSDT,41420.34,0.02295906,Limit,Filled,950.9720713,Top Profit Limit 
2022-03-04T00:17:00Z,BTCUSDT,0,0.02295906,Stop Limit,Canceled,0,Canceled by CancelOpenOrders() at 2022-03-04T01:02:00.0000000Z 
2022-03-04T06:05:00Z,BTCUSDT,41399.86,0.02380018,Market,Filled,985.32412, 
2022-03-04T06:05:00Z,BTCUSDT,0,-0.02379065,Limit,Canceled,0,Canceled by CancelOpenOrders() at 2022-03-04T08:38:00.0000000Z 
2022-03-04T06:05:00Z,BTCUSDT,41110.06,-0.02379065,Stop Limit,Filled,-978.0350489,Stop Market 
2022-03-04T08:53:00Z,BTCUSDT,41471.93,0.02357992,Market,Filled,977.9047916, 
2022-03-04T08:53:00Z,BTCUSDT,0,-0.02357048,Limit,Canceled,0,Canceled by CancelOpenOrders() at 2022-03-04T14:11:00.0000000Z 
2022-03-04T08:53:00Z,BTCUSDT,41181.63,-0.02357048,Stop Limit,Filled,-970.6707863,Stop Market 
2022-03-04T17:28:00Z,BTCUSDT,40858.34,0.02375117,Market,Filled,970.4333793, 
2022-03-04T17:28:00Z,BTCUSDT,0,-0.02374166,Limit,Canceled,0,Canceled by CancelOpenOrders() at 2022-03-04T18:50:00.0000000Z 
2022-03-04T17:28:00Z,BTCUSDT,40600,-0.02374166,Stop Limit,Filled,-963.911396,Stop Market 
2022-03-05T02:09:00Z,BTCUSDT,39037.28,0.02469068,Market,Filled,963.8569886, 
2022-03-05T02:09:00Z,BTCUSDT,0,-0.0246808,Limit,Canceled,0,Canceled by CancelOpenOrders() at 2022-03-05T04:35:00.0000000Z 
2022-03-05T02:09:00Z,BTCUSDT,38781.91,-0.0246808,Stop Limit,Filled,-957.1685643,Stop Market 
2022-03-05T06:00:00Z,BTCUSDT,39013.59,0.02452303,Market,Filled,956.731438, 
2022-03-05T06:00:00Z,BTCUSDT,0,-0.02451322,Limit,Canceled,0,Canceled by CancelOpenOrders() at 2022-03-06T09:29:00.0000000Z 
2022-03-05T06:00:00Z,BTCUSDT,38740.49,-0.02451322,Stop Limit,Filled,-949.6541543,Stop Market 
2022-03-06T12:34:00Z,BTCUSDT,38654.04,0.02456432,Market,Filled,949.5102079, 
2022-03-06T12:34:00Z,BTCUSDT,0,-0.02455449,Limit,Canceled,0,Canceled by CancelOpenOrders() at 2022-03-06T12:44:00.0000000Z 
2022-03-06T12:34:00Z,BTCUSDT,38412,-0.02455449,Stop Limit,Filled,-943.1870699,Stop Market 
2022-03-06T15:25:00Z,BTCUSDT,38674.95,-0.02437391,Market,Filled,-942.6597506, 
2022-03-06T15:25:00Z,BTCUSDT,0,0.02437391,Limit,Canceled,0,Canceled by CancelOpenOrders() at 2022-03-06T15:47:00.0000000Z 
2022-03-06T15:25:00Z,BTCUSDT,38910.11,0.02437391,Stop Limit,Filled,948.3915192,Stop Market 
2022-03-06T18:44:00Z,BTCUSDT,38854.9,-0.02409461,Market,Filled,-936.1936621, 
2022-03-06T18:44:00Z,BTCUSDT,0,0.02409461,Limit,Canceled,0,Canceled by CancelOpenOrders() at 2022-03-06T21:08:00.0000000Z 
2022-03-06T18:44:00Z,BTCUSDT,39110.25,0.02409461,Stop Limit,Filled,942.3462208,Stop Market 
2022-03-06T23:07:00Z,BTCUSDT,38750.83,-0.02398629,Market,Filled,-929.4886461, 
2022-03-06T23:07:00Z,BTCUSDT,38053.32,0.02398629,Limit,Filled,912.757969,Top Profit Limit 
2022-03-06T23:07:00Z,BTCUSDT,0,0.02398629,Stop Limit,Canceled,0,Canceled by CancelOpenOrders() at 2022-03-07T00:24:00.0000000Z 
2022-03-07T05:20:00Z,BTCUSDT,38124.05,0.02480839,Market,Filled,945.7963008, 
2022-03-07T05:20:00Z,BTCUSDT,0,-0.02479846,Limit,Canceled,0,Canceled by CancelOpenOrders() at 2022-03-07T07:56:00.0000000Z 
2022-03-07T05:20:00Z,BTCUSDT,37857.18,-0.02479846,Stop Limit,Filled,-938.7997639,Stop Market 
2022-03-07T08:59:00Z,BTCUSDT,38212.61,0.02456136,Market,Filled,938.5536707, 
2022-03-07T08:59:00Z,BTCUSDT,0,-0.02455153,Limit,Canceled,0,Canceled by CancelOpenOrders() at 2022-03-07T11:00:00.0000000Z 
2022-03-07T08:59:00Z,BTCUSDT,37974.71,-0.02455153,Stop Limit,Filled,-932.3372318,Stop Market 
2022-03-07T11:03:00Z,BTCUSDT,38022.93,-0.02450096,Market,Filled,-931.598287, 
2022-03-07T11:03:00Z,BTCUSDT,0,0.02450096,Limit,Canceled,0,Canceled by CancelOpenOrders() at 2022-03-07T11:23:00.0000000Z 
2022-03-07T11:03:00Z,BTCUSDT,38278.37,0.02450096,Stop Limit,Filled,937.8568122,Stop Market 
2022-03-07T11:24:00Z,BTCUSDT,38240.14,0.02419263,Market,Filled,925.1295582, 
2022-03-07T11:24:00Z,BTCUSDT,38928.46,-0.02418295,Limit,Filled,-941.4050018,Top Profit Limit 
2022-03-07T11:24:00Z,BTCUSDT,0,-0.02418295,Stop Limit,Canceled,0,Canceled by CancelOpenOrders() at 2022-03-07T13:42:00.0000000Z 
2022-03-07T15:23:00Z,BTCUSDT,38777.8,-0.02425533,Market,Filled,-940.5683357, 
2022-03-07T15:23:00Z,BTCUSDT,0,0.02425533,Limit,Canceled,0,Canceled by CancelOpenOrders() at 2022-03-07T15:32:00.0000000Z 
2022-03-07T15:23:00Z,BTCUSDT,39049.24,0.02425533,Stop Limit,Filled,947.1522024,Stop Market 
2022-03-07T15:36:00Z,BTCUSDT,39151.16,0.02384696,Market,Filled,933.6361465, 
2022-03-07T15:36:00Z,BTCUSDT,0,-0.02383742,Limit,Canceled,0,Canceled by CancelOpenOrders() at 2022-03-07T16:46:00.0000000Z 
2022-03-07T15:36:00Z,BTCUSDT,38892.3,-0.02383742,Stop Limit,Filled,-927.0920899,Stop Market 
2022-03-07T17:00:00Z,BTCUSDT,38821.42,-0.02386768,Market,Filled,-926.5772297, 
2022-03-07T17:00:00Z,BTCUSDT,38122.63,0.02386768,Limit,Filled,909.8987336,Top Profit Limit 
2022-03-07T17:00:00Z,BTCUSDT,0,0.02386768,Stop Limit,Canceled,0,Canceled by CancelOpenOrders() at 2022-03-07T18:10:00.0000000Z 
2022-03-07T21:20:00Z,BTCUSDT,38155.27,0.02470992,Market,Filled,942.8136693, 
2022-03-07T21:20:00Z,BTCUSDT,0,-0.02470003,Limit,Canceled,0,Canceled by CancelOpenOrders() at 2022-03-07T21:24:00.0000000Z 
2022-03-07T21:20:00Z,BTCUSDT,37912.52,-0.02470003,Stop Limit,Filled,-936.4403814,Stop Market 
2022-03-08T00:12:00Z,BTCUSDT,37868.11,-0.02471173,Market,Filled,-935.7865099, 
2022-03-08T00:12:00Z,BTCUSDT,0,0.02471173,Limit,Canceled,0,Canceled by CancelOpenOrders() at 2022-03-08T00:14:00.0000000Z 
2022-03-08T00:12:00Z,BTCUSDT,38105.13,0.02471173,Stop Limit,Filled,941.6436842,Stop Market 
2022-03-08T00:18:00Z,BTCUSDT,38220.76,0.02432374,Market,Filled,929.6718288, 
2022-03-08T00:18:00Z,BTCUSDT,38908.73,-0.02431401,Limit,Filled,-946.0272503,Top Profit Limit 
2022-03-08T00:18:00Z,BTCUSDT,0,-0.02431401,Stop Limit,Canceled,0,Canceled by CancelOpenOrders() at 2022-03-08T02:47:00.0000000Z 
2022-03-08T04:59:00Z,BTCUSDT,38555.12,-0.02451473,Market,Filled,-945.1683569, 
2022-03-08T04:59:00Z,BTCUSDT,0,0.02451473,Limit,Canceled,0,Canceled by CancelOpenOrders() at 2022-03-08T08:29:00.0000000Z 
2022-03-08T04:59:00Z,BTCUSDT,38825.01,0.02451473,Stop Limit,Filled,951.7846374,Stop Market 
2022-03-08T12:37:00Z,BTCUSDT,38844.05,-0.02414399,Market,Filled,-937.8503548, 
2022-03-08T12:37:00Z,BTCUSDT,0,0.02414399,Limit,Canceled,0,Canceled by CancelOpenOrders() at 2022-03-08T13:07:00.0000000Z 
2022-03-08T12:37:00Z,BTCUSDT,39096.96,0.02414399,Stop Limit,Filled,943.9566113,Stop Market 
2022-03-08T14:03:00Z,BTCUSDT,38929.28,0.02392855,Market,Filled,931.5212229, 
2022-03-08T14:03:00Z,BTCUSDT,0,-0.02391897,Limit,Canceled,0,Canceled by CancelOpenOrders() at 2022-03-08T14:11:00.0000000Z 
2022-03-08T14:03:00Z,BTCUSDT,38690.39,-0.02391897,Stop Limit,Filled,-925.4342777,Stop Market 
2022-03-08T17:22:00Z,BTCUSDT,38990.27,0.02373011,Market,Filled,925.243396, 
2022-03-08T17:22:00Z,BTCUSDT,0,-0.02372061,Limit,Canceled,0,Canceled by CancelOpenOrders() at 2022-03-08T17:26:00.0000000Z 
2022-03-08T17:22:00Z,BTCUSDT,38745.06,-0.02372061,Stop Limit,Filled,-919.0564577,Stop Market 
2022-03-08T19:02:00Z,BTCUSDT,38597.69,-0.02379496,Market,Filled,-918.4304896, 
2022-03-08T19:02:00Z,BTCUSDT,0,0.02379496,Limit,Canceled,0,Canceled by CancelOpenOrders() at 2022-03-08T19:49:00.0000000Z 
2022-03-08T19:02:00Z,BTCUSDT,38840.05,0.02379496,Stop Limit,Filled,924.1974361,Stop Market 
2022-03-08T22:52:00Z,BTCUSDT,38626.45,0.02362356,Market,Filled,912.4942592, 
2022-03-08T22:52:00Z,BTCUSDT,39321.73,-0.02361411,Limit,Filled,-928.5476576,Top Profit Limit 
2022-03-08T22:52:00Z,BTCUSDT,0,-0.02361411,Stop Limit,Canceled,0,Canceled by CancelOpenOrders() at 2022-03-09T02:27:00.0000000Z 
2022-03-09T12:47:00Z,BTCUSDT,41937.65,-0.02210806,Market,Filled,-927.1600825, 
2022-03-09T12:47:00Z,BTCUSDT,0,0.02210806,Limit,Canceled,0,Canceled by CancelOpenOrders() at 2022-03-09T14:09:00.0000000Z 
2022-03-09T12:47:00Z,BTCUSDT,42231.21,0.02210806,Stop Limit,Filled,933.6501246,Stop Market 
2022-03-09T14:22:00Z,BTCUSDT,42103.97,0.02185996,Market,Filled,920.3911, 
2022-03-09T14:22:00Z,BTCUSDT,0,-0.02185121,Limit,Canceled,0,Canceled by CancelOpenOrders() at 2022-03-09T18:50:00.0000000Z 
2022-03-09T14:22:00Z,BTCUSDT,41850.93,-0.02185121,Stop Limit,Filled,-914.4934601,Stop Market 
2022-03-09T19:57:00Z,BTCUSDT,42257.47,0.02163451,Market,Filled,914.2196573, 
2022-03-09T19:57:00Z,BTCUSDT,0,-0.02162585,Limit,Canceled,0,Canceled by CancelOpenOrders() at 2022-03-09T20:35:00.0000000Z 
2022-03-09T19:57:00Z,BTCUSDT,41987.62,-0.02162585,Stop Limit,Filled,-908.017972,Stop Market 
2022-03-09T20:36:00Z,BTCUSDT,41959.3,-0.02162709,Market,Filled,-907.4575574, 
2022-03-09T20:36:00Z,BTCUSDT,41204.03,0.02162709,Limit,Filled,891.1232652,Top Profit Limit 
2022-03-09T20:36:00Z,BTCUSDT,0,0.02162709,Stop Limit,Canceled,0,Canceled by CancelOpenOrders() at 2022-03-10T01:47:00.0000000Z 
2022-03-10T09:48:00Z,BTCUSDT,39270.37,0.02352175,Market,Filled,923.7078255, 
2022-03-10T09:48:00Z,BTCUSDT,0,-0.02351234,Limit,Canceled,0,Canceled by CancelOpenOrders() at 2022-03-10T10:40:00.0000000Z 
2022-03-10T09:48:00Z,BTCUSDT,39031.1,-0.02351234,Stop Limit,Filled,-917.7124938,Stop Market 
2022-03-10T12:30:00Z,BTCUSDT,39221.06,0.02339337,Market,Filled,917.5127684, 
2022-03-10T12:30:00Z,BTCUSDT,39927.04,-0.02338401,Limit,Filled,-933.6543026,Top Profit Limit 
2022-03-10T12:30:00Z,BTCUSDT,0,-0.02338401,Stop Limit,Canceled,0,Canceled by CancelOpenOrders() at 2022-03-10T13:34:00.0000000Z 
2022-03-10T13:50:00Z,BTCUSDT,38719.81,-0.02408884,Market,Filled,-932.7153079, 
2022-03-10T13:50:00Z,BTCUSDT,0,0.02408884,Limit,Canceled,0,Canceled by CancelOpenOrders() at 2022-03-10T13:53:00.0000000Z 
2022-03-10T13:50:00Z,BTCUSDT,38955.08,0.02408884,Stop Limit,Filled,938.3826893,Stop Market 
2022-03-10T14:59:00Z,BTCUSDT,39295.27,0.02358794,Market,Filled,926.894471, 
2022-03-10T14:59:00Z,BTCUSDT,0,-0.0235785,Limit,Canceled,0,Canceled by CancelOpenOrders() at 2022-03-10T15:34:00.0000000Z 
2022-03-10T14:59:00Z,BTCUSDT,39046.97,-0.0235785,Stop Limit,Filled,-920.6689821,Stop Market 
2022-03-10T16:13:00Z,BTCUSDT,39142.29,-0.02350614,Market,Filled,-920.0841487, 
2022-03-10T16:13:00Z,BTCUSDT,0,0.02350614,Limit,Canceled,0,Canceled by CancelOpenOrders() at 2022-03-10T19:52:00.0000000Z 
2022-03-10T16:13:00Z,BTCUSDT,39416.29,0.02350614,Stop Limit,Filled,926.524831,Stop Market 
2022-03-10T22:02:00Z,BTCUSDT,39288.68,-0.02323815,Market,Filled,-912.9962391, 
2022-03-10T22:02:00Z,BTCUSDT,0,0.02323815,Limit,Canceled,0,Canceled by CancelOpenOrders() at 2022-03-10T23:11:00.0000000Z 
2022-03-10T22:02:00Z,BTCUSDT,39527.07,0.02323815,Stop Limit,Filled,918.5359817,Stop Market 
2022-03-11T00:13:00Z,BTCUSDT,39380.59,-0.0230274,Market,Filled,-906.8325982, 
2022-03-11T00:13:00Z,BTCUSDT,38671.74,0.0230274,Limit,Filled,890.5096257,Top Profit Limit 
2022-03-11T00:13:00Z,BTCUSDT,0,0.0230274,Stop Limit,Canceled,0,Canceled by CancelOpenOrders() at 2022-03-11T01:30:00.0000000Z 
2022-03-11T04:00:00Z,BTCUSDT,38718.4,0.02383259,Market,Filled,922.7597527, 
2022-03-11T04:00:00Z,BTCUSDT,0,-0.02382305,Limit,Canceled,0,Canceled by CancelOpenOrders() at 2022-03-11T04:24:00.0000000Z 
2022-03-11T04:00:00Z,BTCUSDT,38482.97,-0.02382305,Stop Limit,Filled,-916.7817185,Stop Market 
2022-03-11T04:52:00Z,BTCUSDT,38516.63,-0.02378659,Market,Filled,-916.179286, 
2022-03-11T04:52:00Z,BTCUSDT,0,0.02378659,Limit,Canceled,0,Canceled by CancelOpenOrders() at 2022-03-11T05:40:00.0000000Z 
2022-03-11T04:52:00Z,BTCUSDT,38751.28,0.02378659,Stop Limit,Filled,921.7608093,Stop Market 
2022-03-11T05:40:00Z,BTCUSDT,38720.54,0.02350974,Market,Filled,910.3098281, 
2022-03-11T05:40:00Z,BTCUSDT,39417.51,-0.02350033,Limit,Filled,-926.3244928,Top Profit Limit 
2022-03-11T05:40:00Z,BTCUSDT,0,-0.02350033,Stop Limit,Canceled,0,Canceled by CancelOpenOrders() at 2022-03-11T11:32:00.0000000Z 
2022-03-11T13:34:00Z,BTCUSDT,39588.92,-0.02337555,Market,Filled,-925.4127789, 
2022-03-11T13:34:00Z,BTCUSDT,38876.32,0.02337555,Limit,Filled,908.755362,Top Profit Limit 
2022-03-11T13:34:00Z,BTCUSDT,0,0.02337555,Stop Limit,Canceled,0,Canceled by CancelOpenOrders() at 2022-03-11T16:06:00.0000000Z 
2022-03-11T19:39:00Z,BTCUSDT,38855.03,0.02423258,Market,Filled,941.5576229, 
2022-03-11T19:39:00Z,BTCUSDT,0,-0.02422288,Limit,Canceled,0,Canceled by CancelOpenOrders() at 2022-03-11T20:32:00.0000000Z 
2022-03-11T19:39:00Z,BTCUSDT,38597.92,-0.02422288,Stop Limit,Filled,-934.9527844,Stop Market 
2022-03-11T20:34:00Z,BTCUSDT,38629.09,-0.02419174,Market,Filled,-934.5049017, 
2022-03-11T20:34:00Z,BTCUSDT,0,0.02419174,Limit,Canceled,0,Canceled by CancelOpenOrders() at 2022-03-11T21:27:00.0000000Z 
2022-03-11T20:34:00Z,BTCUSDT,38899.49,0.02419174,Stop Limit,Filled,941.0463482,Stop Market 
2022-03-11T21:30:00Z,BTCUSDT,38851.78,0.02387487,Market,Filled,927.5811968, 
2022-03-11T21:30:00Z,BTCUSDT,0,-0.02386532,Limit,Canceled,0,Canceled by CancelOpenOrders() at 2022-03-13T11:51:00.0000000Z 
2022-03-11T21:30:00Z,BTCUSDT,38610.22,-0.02386532,Stop Limit,Filled,-921.4452556,Stop Market 
2022-03-13T13:34:00Z,BTCUSDT,38875.67,0.02369847,Market,Filled,921.2938992, 
2022-03-13T13:34:00Z,BTCUSDT,0,-0.02368899,Limit,Canceled,0,Canceled by CancelOpenOrders() at 2022-03-13T20:15:00.0000000Z 
2022-03-13T13:34:00Z,BTCUSDT,38636.47,-0.02368899,Stop Limit,Filled,-915.2589515,Stop Market 
2022-03-14T01:12:00Z,BTCUSDT,38180.34,0.0239706,Market,Filled,915.205658, 
2022-03-14T01:12:00Z,BTCUSDT,0,-0.02396101,Limit,Canceled,0,Canceled by CancelOpenOrders() at 2022-03-14T01:42:00.0000000Z 
2022-03-14T01:12:00Z,BTCUSDT,37920.03,-0.02396101,Stop Limit,Filled,-908.602218,Stop Market 
2022-03-14T03:19:00Z,BTCUSDT,38009.17,-0.02389058,Market,Filled,-908.0611166, 
2022-03-14T03:19:00Z,BTCUSDT,0,0.02389058,Limit,Canceled,0,Canceled by CancelOpenOrders() at 2022-03-14T04:07:00.0000000Z 
2022-03-14T03:19:00Z,BTCUSDT,38251.28,0.02389058,Stop Limit,Filled,913.8452649,Stop Market 
2022-03-14T11:31:00Z,BTCUSDT,38934.51,-0.02315288,Market,Filled,-901.4460379, 
2022-03-14T11:31:00Z,BTCUSDT,0,0.02315288,Limit,Canceled,0,Canceled by CancelOpenOrders() at 2022-03-14T14:12:00.0000000Z 
2022-03-14T11:31:00Z,BTCUSDT,39170.29,0.02315288,Stop Limit,Filled,906.9050239,Stop Market 
2022-03-14T16:06:00Z,BTCUSDT,38875.33,-0.02303271,Market,Filled,-895.404202, 
2022-03-14T16:06:00Z,BTCUSDT,0,0.02303271,Limit,Canceled,0,Canceled by CancelOpenOrders() at 2022-03-14T22:43:00.0000000Z 
2022-03-14T16:06:00Z,BTCUSDT,39140.62,0.02303271,Stop Limit,Filled,901.5145497,Stop Market 
2022-03-15T01:14:00Z,BTCUSDT,39214.22,-0.02265904,Market,Filled,-888.5565795, 
2022-03-15T01:14:00Z,BTCUSDT,38508.36,0.02265904,Limit,Filled,872.5624696,Top Profit Limit 
2022-03-15T01:14:00Z,BTCUSDT,0,0.02265904,Stop Limit,Canceled,0,Canceled by CancelOpenOrders() at 2022-03-15T07:12:00.0000000Z 
2022-03-15T09:30:00Z,BTCUSDT,38593.83,0.0234302,Market,Filled,904.2611557, 
2022-03-15T09:30:00Z,BTCUSDT,39288.52,-0.02342082,Limit,Filled,-920.169355,Top Profit Limit 
2022-03-15T09:30:00Z,BTCUSDT,0,-0.02342082,Stop Limit,Canceled,0,Canceled by CancelOpenOrders() at 2022-03-15T16:46:00.0000000Z 
2022-03-15T20:56:00Z,BTCUSDT,39433.43,-0.02330886,Market,Filled,-919.1482992, 
2022-03-15T20:56:00Z,BTCUSDT,0,0.02330886,Limit,Canceled,0,Canceled by CancelOpenOrders() at 2022-03-15T22:01:00.0000000Z 
2022-03-15T20:56:00Z,BTCUSDT,39709.46,0.02330886,Stop Limit,Filled,925.5822438,Stop Market 
2022-03-15T22:42:00Z,BTCUSDT,39458.78,-0.02311521,Market,Filled,-912.097986, 
2022-03-15T22:42:00Z,BTCUSDT,0,0.02311521,Limit,Canceled,0,Canceled by CancelOpenOrders() at 2022-03-16T02:05:00.0000000Z 
2022-03-15T22:42:00Z,BTCUSDT,39734.99,0.02311521,Stop Limit,Filled,918.4826382,Stop Market 
2022-03-16T03:28:00Z,BTCUSDT,39723.75,-0.02278232,Market,Filled,-904.9991841, 
2022-03-16T03:28:00Z,BTCUSDT,39008.72,0.02278232,Limit,Filled,888.7091418,Top Profit Limit 
2022-03-16T03:28:00Z,BTCUSDT,0,0.02278232,Stop Limit,Canceled,0,Canceled by CancelOpenOrders() at 2022-03-16T03:41:00.0000000Z 
2022-03-16T06:14:00Z,BTCUSDT,39383.27,0.02338283,Market,Filled,920.8923073, 
2022-03-16T06:14:00Z,BTCUSDT,40092.17,-0.02337347,Limit,Filled,-937.0931327,Top Profit Limit 
2022-03-16T06:14:00Z,BTCUSDT,0,-0.02337347,Stop Limit,Canceled,0,Canceled by CancelOpenOrders() at 2022-03-16T08:39:00.0000000Z 
2022-03-16T12:57:00Z,BTCUSDT,40431.34,-0.02315014,Market,Filled,-935.9911814, 
2022-03-16T12:57:00Z,BTCUSDT,0,0.02315014,Limit,Canceled,0,Canceled by CancelOpenOrders() at 2022-03-16T14:03:00.0000000Z 
2022-03-16T12:57:00Z,BTCUSDT,40714.36,0.02315014,Stop Limit,Filled,942.543134,Stop Market 
2022-03-16T15:51:00Z,BTCUSDT,40591.21,-0.02288049,Market,Filled,-928.7467745, 
2022-03-16T15:51:00Z,BTCUSDT,39860.57,0.02288049,Limit,Filled,912.0293733,Top Profit Limit 
2022-03-16T15:51:00Z,BTCUSDT,0,0.02288049,Stop Limit,Canceled,0,Canceled by CancelOpenOrders() at 2022-03-16T18:01:00.0000000Z 
2022-03-16T19:23:00Z,BTCUSDT,40544.77,0.02330607,Market,Filled,944.9392478, 
2022-03-16T19:23:00Z,BTCUSDT,41274.58,-0.02329674,Limit,Filled,-961.5631589,Top Profit Limit 
2022-03-16T19:23:00Z,BTCUSDT,0,-0.02329674,Stop Limit,Canceled,0,Canceled by CancelOpenOrders() at 2022-03-16T20:12:00.0000000Z 
2022-03-16T22:43:00Z,BTCUSDT,40954.96,-0.02345688,Market,Filled,-960.6755821, 
2022-03-16T22:43:00Z,BTCUSDT,0,0.02345688,Limit,Canceled,0,Canceled by CancelOpenOrders() at 2022-03-17T01:49:00.0000000Z 
2022-03-16T22:43:00Z,BTCUSDT,41241.64,0.02345688,Stop Limit,Filled,967.4002005,Stop Market 
2022-03-17T01:52:00Z,BTCUSDT,41101.47,0.02320238,Market,Filled,953.6519255, 
2022-03-17T01:52:00Z,BTCUSDT,0,-0.02319309,Limit,Canceled,0,Canceled by CancelOpenOrders() at 2022-03-17T06:32:00.0000000Z 
2022-03-17T01:52:00Z,BTCUSDT,40835.66,-0.02319309,Stop Limit,Filled,-947.1051376,Stop Market 
2022-03-17T09:32:00Z,BTCUSDT,40867.07,0.02316828,Market,Filled,946.8197205, 
2022-03-17T09:32:00Z,BTCUSDT,0,-0.02315901,Limit,Canceled,0,Canceled by CancelOpenOrders() at 2022-03-17T10:04:00.0000000Z 
2022-03-17T09:32:00Z,BTCUSDT,40617.77,-0.02315901,Stop Limit,Filled,-940.6673416,Stop Market 
2022-03-17T12:07:00Z,BTCUSDT,40867.4,0.02301299,Market,Filled,940.4810675, 
2022-03-17T12:07:00Z,BTCUSDT,0,-0.02300378,Limit,Canceled,0,Canceled by CancelOpenOrders() at 2022-03-17T16:16:00.0000000Z 
2022-03-17T12:07:00Z,BTCUSDT,40611.12,-0.02300378,Stop Limit,Filled,-934.20927,Stop Market 
2022-03-17T18:17:00Z,BTCUSDT,40812.41,0.02288436,Market,Filled,933.9658829, 
2022-03-17T18:17:00Z,BTCUSDT,0,-0.0228752,Limit,Canceled,0,Canceled by CancelOpenOrders() at 2022-03-18T00:58:00.0000000Z 
2022-03-17T18:17:00Z,BTCUSDT,40526.72,-0.0228752,Stop Limit,Filled,-927.0568253,Stop Market 
2022-03-18T04:34:00Z,BTCUSDT,40592.2,0.02283384,Market,Filled,926.8758, 
2022-03-18T04:34:00Z,BTCUSDT,0,-0.0228247,Limit,Canceled,0,Canceled by CancelOpenOrders() at 2022-03-18T10:57:00.0000000Z 
2022-03-18T04:34:00Z,BTCUSDT,40334.93,-0.0228247,Stop Limit,Filled,-920.6326768,Stop Market 
2022-03-18T12:45:00Z,BTCUSDT,40552.17,0.02269614,Market,Filled,920.3777276, 
2022-03-18T12:45:00Z,BTCUSDT,0,-0.02268706,Limit,Canceled,0,Canceled by CancelOpenOrders() at 2022-03-18T13:35:00.0000000Z 
2022-03-18T12:45:00Z,BTCUSDT,40292.34,-0.02268706,Stop Limit,Filled,-914.1147351,Stop Market 
2022-03-18T13:39:00Z,BTCUSDT,40506.22,0.02256283,Market,Filled,913.9349558, 
2022-03-18T13:39:00Z,BTCUSDT,41235.33,-0.0225538,Limit,Filled,-930.0133858,Top Profit Limit 
2022-03-18T13:39:00Z,BTCUSDT,0,-0.0225538,Stop Limit,Canceled,0,Canceled by CancelOpenOrders() at 2022-03-18T16:29:00.0000000Z 
2022-03-18T21:21:00Z,BTCUSDT,41708.84,-0.0222699,Market,Filled,-928.8516959, 
2022-03-18T21:21:00Z,BTCUSDT,0,0.0222699,Limit,Canceled,0,Canceled by CancelOpenOrders() at 2022-03-19T00:43:00.0000000Z 
2022-03-18T21:21:00Z,BTCUSDT,41999.23,0.0222699,Stop Limit,Filled,935.3186522,Stop Market 
2022-03-19T01:38:00Z,BTCUSDT,41749.61,-0.0220797,Market,Filled,-921.8188639, 
2022-03-19T01:38:00Z,BTCUSDT,0,0.0220797,Limit,Canceled,0,Canceled by CancelOpenOrders() at 2022-03-19T15:26:00.0000000Z 
2022-03-19T01:38:00Z,BTCUSDT,42007.5,0.0220797,Stop Limit,Filled,927.5129978,Stop Market 
2022-03-19T17:23:00Z,BTCUSDT,41890.27,-0.02185371,Market,Filled,-915.4578124, 
2022-03-19T17:23:00Z,BTCUSDT,0,0.02185371,Limit,Canceled,0,Canceled by CancelOpenOrders() at 2022-03-19T20:37:00.0000000Z 
2022-03-19T17:23:00Z,BTCUSDT,42157.31,0.02185371,Stop Limit,Filled,921.2936271,Stop Market 
2022-03-19T22:12:00Z,BTCUSDT,41852.99,-0.02171811,Market,Filled,-908.9678406, 
2022-03-19T22:12:00Z,BTCUSDT,0,0.02171811,Limit,Canceled,0,Canceled by CancelOpenOrders() at 2022-03-19T23:19:00.0000000Z 
2022-03-19T22:12:00Z,BTCUSDT,42108.24,0.02171811,Stop Limit,Filled,914.5113882,Stop Market 
2022-03-19T23:26:00Z,BTCUSDT,42188.66,0.02140394,Market,Filled,903.0035473, 
2022-03-19T23:26:00Z,BTCUSDT,0,-0.02139537,Limit,Canceled,0,Canceled by CancelOpenOrders() at 2022-03-20T00:35:00.0000000Z 
2022-03-19T23:26:00Z,BTCUSDT,41925.71,-0.02139537,Stop Limit,Filled,-897.016078,Stop Market 
2022-03-20T00:48:00Z,BTCUSDT,41998.78,-0.02134791,Market,Filled,-896.5861755, 
2022-03-20T00:48:00Z,BTCUSDT,41242.8,0.02134791,Limit,Filled,880.4475825,Top Profit Limit 
2022-03-20T00:48:00Z,BTCUSDT,0,0.02134791,Stop Limit,Canceled,0,Canceled by CancelOpenOrders() at 2022-03-20T16:06:00.0000000Z 
2022-03-20T19:13:00Z,BTCUSDT,41291.72,0.0220951,Market,Filled,912.3446826, 
2022-03-20T19:13:00Z,BTCUSDT,0,-0.02208626,Limit,Canceled,0,Canceled by CancelOpenOrders() at 2022-03-21T02:24:00.0000000Z 
2022-03-20T19:13:00Z,BTCUSDT,41039.98,-0.02208626,Stop Limit,Filled,-906.4196687,Stop Market 
2022-03-21T05:16:00Z,BTCUSDT,40908.53,0.02215544,Market,Filled,906.3464819, 
2022-03-21T05:16:00Z,BTCUSDT,41644.88,-0.02214657,Limit,Filled,-922.2912501,Top Profit Limit 
2022-03-21T05:16:00Z,BTCUSDT,0,-0.02214657,Stop Limit,Canceled,0,Canceled by CancelOpenOrders() at 2022-03-22T02:04:00.0000000Z 
2022-03-22T06:15:00Z,BTCUSDT,42452.51,-0.02169485,Market,Filled,-921.0008366, 
2022-03-22T06:15:00Z,BTCUSDT,0,0.02169485,Limit,Canceled,0,Canceled by CancelOpenOrders() at 2022-03-22T10:25:00.0000000Z 
2022-03-22T06:15:00Z,BTCUSDT,42749.68,0.02169485,Stop Limit,Filled,927.4478951,Stop Market 
2022-03-22T13:54:00Z,BTCUSDT,42719.35,-0.02139215,Market,Filled,-913.8587431, 
2022-03-22T13:54:00Z,BTCUSDT,0,0.02139215,Limit,Canceled,0,Canceled by CancelOpenOrders() at 2022-03-22T14:12:00.0000000Z 
2022-03-22T13:54:00Z,BTCUSDT,42980.13,0.02139215,Stop Limit,Filled,919.437388,Stop Market 
2022-03-22T15:00:00Z,BTCUSDT,42756.13,-0.02123012,Market,Filled,-907.7177706, 
2022-03-22T15:00:00Z,BTCUSDT,41986.52,0.02123012,Limit,Filled,891.378858,Top Profit Limit 
2022-03-22T15:00:00Z,BTCUSDT,0,0.02123012,Stop Limit,Canceled,0,Canceled by CancelOpenOrders() at 2022-03-23T01:06:00.0000000Z 
2022-03-23T02:23:00Z,BTCUSDT,42436.5,0.02176139,Market,Filled,923.4772267, 
2022-03-23T02:23:00Z,BTCUSDT,0,-0.02175268,Limit,Canceled,0,Canceled by CancelOpenOrders() at 2022-03-23T03:10:00.0000000Z 
2022-03-23T02:23:00Z,BTCUSDT,42163.79,-0.02175268,Stop Limit,Filled,-917.1754315,Stop Market 
2022-03-23T03:12:00Z,BTCUSDT,42209.49,-0.0217207,Market,Filled,-916.8196694, 
2022-03-23T03:12:00Z,BTCUSDT,0,0.0217207,Limit,Canceled,0,Canceled by CancelOpenOrders() at 2022-03-23T13:02:00.0000000Z 
2022-03-23T03:12:00Z,BTCUSDT,42470.6,0.0217207,Stop Limit,Filled,922.4911614,Stop Market 
2022-03-23T13:49:00Z,BTCUSDT,42054.55,-0.02165281,Market,Filled,-910.5991808, 
2022-03-23T13:49:00Z,BTCUSDT,0,0.02165281,Limit,Canceled,0,Canceled by CancelOpenOrders() at 2022-03-23T14:30:00.0000000Z 
2022-03-23T13:49:00Z,BTCUSDT,42318.43,0.02165281,Stop Limit,Filled,916.3129243,Stop Market 
2022-03-23T17:20:00Z,BTCUSDT,42434.14,-0.02130748,Market,Filled,-904.1645894, 
2022-03-23T17:20:00Z,BTCUSDT,0,0.02130748,Limit,Canceled,0,Canceled by CancelOpenOrders() at 2022-03-23T23:43:00.0000000Z 
2022-03-23T17:20:00Z,BTCUSDT,42718.54,0.02130748,Stop Limit,Filled,910.2244367,Stop Market 
2022-03-24T01:50:00Z,BTCUSDT,42750.97,-0.02099148,Market,Filled,-897.4061317, 
2022-03-24T01:50:00Z,BTCUSDT,0,0.02099148,Limit,Canceled,0,Canceled by CancelOpenOrders() at 2022-03-24T05:47:00.0000000Z 
2022-03-24T01:50:00Z,BTCUSDT,43008.05,0.02099148,Stop Limit,Filled,902.8026214,Stop Market 
2022-03-24T08:17:00Z,BTCUSDT,42987.78,-0.02073376,Market,Filled,-891.2983135, 
2022-03-24T08:17:00Z,BTCUSDT,0,0.02073376,Limit,Canceled,0,Canceled by CancelOpenOrders() at 2022-03-27T20:39:00.0000000Z 
2022-03-24T08:17:00Z,BTCUSDT,0,0.02073376,Stop Limit,Canceled,0,Canceled by CancelOpenOrders() at 2022-03-27T20:39:00.0000000Z 
2022-03-27T20:39:00Z,BTCUSDT,46457.58,0.00309958,Market,Filled,143.9989858,Margin Call 
